id_wikidata	materia
Q101998	Biología
Q1029907	Biología
Q103191	Biología
Q104053	Biología
Q1049866	Biología
Q1057	Biología
Q1059	Biología
Q106016	Biología
Q106227	Biología
Q1063	Biología
Q107087885	Biología
Q10811	Biología
Q10876	Biología
Q10892	Biología
Q10908	Biología
Q11053	Biología
Q11068	Biología
Q11078	Biología
Q1112860	Biología
Q11188	Biología
Q11358	Biología
Q11364	Biología
Q11367	Biología
Q11369	Biología
Q1140772	Biología
Q11978	Biología
Q11982	Biología
Q11995	Biología
Q1205637	Biología
Q12152	Biología
Q1216998	Biología
Q123619	Biología
Q124794	Biología
Q125928	Biología
Q127006	Biología
Q131683	Biología
Q133895	Biología
Q144019	Biología
Q14763008	Biología
Q152	Biología
Q1530280	Biología
Q1541064	Biología
Q159462	Biología
Q1612119	Biología
Q162643	Biología
Q162657	Biología
Q162668	Biología
Q16399	Biología
Q1645075	Biología
Q166231	Biología
Q167336	Biología
Q167751	Biología
Q169324	Biología
Q169953	Biología
Q1703635	Biología
Q173710	Biología
Q177935	Biología
Q178694	Biología
Q179217	Biología
Q182353	Biología
Q182726	Biología
Q185589	Biología
Q187181	Biología
Q187215	Biología
Q188193	Biología
Q188909	Biología
Q188941	Biología
Q189967	Biología
Q190553	Biología
Q19081	Biología
Q192560	Biología
Q194277	Biología
Q199403	Biología
Q200779	Biología
Q2022868	Biología
Q206229	Biología
Q206913	Biología
Q21100485	Biología
Q211675	Biología
Q211935	Biología
Q2142347	Biología
Q216818	Biología
Q227564	Biología
Q23852	Biología
Q2419844	Biología
Q242125	Biología
Q244145	Biología
Q25241	Biología
Q25314	Biología
Q265868	Biología
Q2666904	Biología
Q2707809	Biología
Q2850020	Biología
Q28598	Biología
Q29548	Biología
Q29867336	Biología
Q336	Biología
Q3454555	Biología
Q34581	Biología
Q37748	Biología
Q37813	Biología
Q3829749	Biología
Q3829757	Biología
Q3911174	Biología
Q39572	Biología
Q39833	Biología
Q40260	Biología
Q40397	Biología
Q40763	Biología
Q41760	Biología
Q420	Biología
Q422106	Biología
Q42244	Biología
Q422812	Biología
Q42762	Biología
Q428253	Biología
Q42918	Biología
Q42982	Biología
Q43054	Biología
Q43478	Biología
Q43619	Biología
Q43806	Biología
Q46857	Biología
Q47041	Biología
Q47273	Biología
Q483213	Biología
Q49974	Biología
Q585259	Biología
Q58734	Biología
Q622896	Biología
Q635162	Biología
Q650401	Biología
Q7020	Biología
Q7060553	Biología
Q712378	Biología
Q7150	Biología
Q715347	Biología
Q7155	Biología
Q7162	Biología
Q7187	Biología
Q726543	Biología
Q729	Biología
Q7365	Biología
Q7380	Biología
Q7430	Biología
Q7432	Biología
Q744962	Biología
Q756	Biología
Q75865	Biología
Q764	Biología
Q7868	Biología
Q7873	Biología
Q7886	Biología
Q7886088	Biología
Q7891	Biología
Q7895	Biología
Q7942	Biología
Q79460	Biología
Q79749	Biología
Q79899	Biología
Q79927	Biología
Q8047	Biología
Q8054	Biología
Q80726	Biología
Q808	Biología
Q80863	Biología
Q821413	Biología
Q82551	Biología
Q83181	Biología
Q83330	Biología
Q83864	Biología
Q83944	Biología
Q842083	Biología
Q844342	Biología
Q846303	Biología
Q8514	Biología
Q9050360	Biología
Q912751	Biología
Q9368	Biología
Q9444	Biología
Q9618	Biología
Q9621	Biología
Q9639	Biología
Q9644	Biología
Q9649	Biología
Q97371805	Biología
Q101395	Química
Q101487	Química
Q101497	Química
Q102500	Química
Q103230	Química
Q104837	Química
Q104946	Química
Q10693	Química
Q1079788	Química
Q11158	Química
Q11173	Química
Q11193	Química
Q11344	Química
Q11426	Química
Q11430	Química
Q11432	Química
Q11448	Química
Q11473	Química
Q11523	Química
Q12385831	Química
Q12453	Química
Q12571883	Química
Q127920	Química
Q12969754	Química
Q131594	Química
Q133235	Química
Q134856	Química
Q13533728	Química
Q137056	Química
Q146505	Química
Q1468684	Química
Q156	Química
Q159226	Química
Q161064	Química
Q1621273	Química
Q162908	Química
Q167198	Química
Q169336	Química
Q170409	Química
Q170731	Química
Q170744	Química
Q171407	Química
Q172280	Química
Q172948	Química
Q174211	Química
Q175974	Química
Q177625	Química
Q1786087	Química
Q178697	Química
Q179380	Química
Q179856	Química
Q181780	Química
Q182527	Química
Q182854	Química
Q188862	Química
Q189520	Química
Q190382	Química
Q190444	Química
Q190474	Química
Q191390	Química
Q191785	Química
Q192690	Química
Q193068	Química
Q193523	Química
Q19557	Química
Q19563	Química
Q19596	Química
Q19600	Química
Q19609	Química
Q19933904	Química
Q200286	Química
Q208348	Química
Q208465	Química
Q209082	Química
Q213185	Química
Q220089	Química
Q2225	Química
Q2294	Química
Q230731	Química
Q230937	Química
Q2348	Química
Q2356542	Química
Q2362761	Química
Q2366155	Química
Q23809	Química
Q245031	Química
Q25276	Química
Q254329	Química
Q2608426	Química
Q2661322	Química
Q267298	Química
Q2704619	Química
Q271580	Química
Q274116	Química
Q274511	Química
Q275411	Química
Q28784	Química
Q306786	Química
Q320388	Química
Q325519	Química
Q337120	Química
Q3394849	Química
Q36496	Química
Q36534	Química
Q3686031	Química
Q368639	Química
Q37147	Química
Q378751	Química
Q3829752	Química
Q3840065	Química
Q3931202	Química
Q407142	Química
Q40936	Química
Q41088690	Química
Q41509	Química
Q41581	Química
Q425597	Química
Q43116	Química
Q43648	Química
Q44424	Química
Q45003	Química
Q47319	Química
Q483261	Química
Q483769	Química
Q484152	Química
Q487112	Química
Q497173	Química
Q506623	Química
Q53859	Química
Q53860	Química
Q542929	Química
Q5447188	Química
Q556036	Química
Q60661	Química
Q623	Química
Q62500	Química
Q64403	Química
Q646	Química
Q6503924	Química
Q66392	Química
Q719461	Química
Q749635	Química
Q751124	Química
Q764285	Química
Q777948	Química
Q7877	Química
Q78974	Química
Q79529	Química
Q80097	Química
Q81163	Química
Q81406	Química
Q82682	Química
Q83147	Química
Q857809	Química
Q898312	Química
Q900337	Química
Q906964	Química
Q911437	Química
Q911916	Química
Q912546	Química
Q1048268	Ciudadanía
Q105210	Ciudadanía
Q1053185	Ciudadanía
Q105985	Ciudadanía
Q107047419	Ciudadanía
Q1117578	Ciudadanía
Q11204	Ciudadanía
Q113453	Ciudadanía
Q1172506	Ciudadanía
Q1203182	Ciudadanía
Q12147	Ciudadanía
Q1221208	Ciudadanía
Q12244504	Ciudadanía
Q1274327	Ciudadanía
Q1307214	Ciudadanía
Q131201	Ciudadanía
Q13416790	Ciudadanía
Q15141478	Ciudadanía
Q1517200	Ciudadanía
Q1522115	Ciudadanía
Q16110	Ciudadanía
Q1641089	Ciudadanía
Q16482934	Ciudadanía
Q16577084	Ciudadanía
Q170075	Ciudadanía
Q1710033	Ciudadanía
Q1717246	Ciudadanía
Q1765801	Ciudadanía
Q180388	Ciudadanía
Q183039	Ciudadanía
Q184708	Ciudadanía
Q1851928	Ciudadanía
Q187	Ciudadanía
Q188843	Ciudadanía
Q189066	Ciudadanía
Q190656	Ciudadanía
Q198	Ciudadanía
Q20823810	Ciudadanía
Q21192987	Ciudadanía
Q21193084	Ciudadanía
Q212114	Ciudadanía
Q212141	Ciudadanía
Q220563	Ciudadanía
Q223569	Ciudadanía
Q2426831	Ciudadanía
Q244752	Ciudadanía
Q245992	Ciudadanía
Q24940421	Ciudadanía
Q24962887	Ciudadanía
Q262525	Ciudadanía
Q2717283	Ciudadanía
Q2855609	Ciudadanía
Q29581660	Ciudadanía
Q2979	Ciudadanía
Q3487980	Ciudadanía
Q35798	Ciudadanía
Q3624391	Ciudadanía
Q363404	Ciudadanía
Q3679730	Ciudadanía
Q3687301	Ciudadanía
Q3687318	Ciudadanía
Q3709055	Ciudadanía
Q3709090	Ciudadanía
Q3709150	Ciudadanía
Q3712790	Ciudadanía
Q3714733	Ciudadanía
Q37470	Ciudadanía
Q3773971	Ciudadanía
Q3885112	Ciudadanía
Q3885626	Ciudadanía
Q3968723	Ciudadanía
Q41550	Ciudadanía
Q42970	Ciudadanía
Q452421	Ciudadanía
Q454	Ciudadanía
Q47423	Ciudadanía
Q484652	Ciudadanía
Q48800793	Ciudadanía
Q4916	Ciudadanía
Q4951	Ciudadanía
Q497743	Ciudadanía
Q536814	Ciudadanía
Q60837604	Ciudadanía
Q6241	Ciudadanía
Q6303109	Ciudadanía
Q669701	Ciudadanía
Q7164	Ciudadanía
Q7174	Ciudadanía
Q7178	Ciudadanía
Q7181	Ciudadanía
Q7184	Ciudadanía
Q7275	Ciudadanía
Q740308	Ciudadanía
Q747074	Ciudadanía
Q748720	Ciudadanía
Q7649586	Ciudadanía
Q7801	Ciudadanía
Q7804	Ciudadanía
Q7809	Ciudadanía
Q7813	Ciudadanía
Q79896	Ciudadanía
Q79913	Ciudadanía
Q8425	Ciudadanía
Q8436	Ciudadanía
Q858700	Ciudadanía
Q861581	Ciudadanía
Q874405	Ciudadanía
Q8880	Ciudadanía
Q8886	Ciudadanía
Q8889	Ciudadanía
Q8896	Ciudadanía
Q954112	Ciudadanía
Q955276	Ciudadanía
Q977345	Ciudadanía
Q981005	Ciudadanía
Q103639	Derecho y economía
Q1053947	Derecho y economía
Q1054168	Derecho y economía
Q1063076	Derecho y economía
Q107087895	Derecho y economía
Q1123840	Derecho y economía
Q1127188	Derecho y economía
Q1130200	Derecho y economía
Q1142948	Derecho y economía
Q11691	Derecho y economía
Q1186690	Derecho y economía
Q129238	Derecho y economía
Q131524	Derecho y economía
Q1367590	Derecho y economía
Q1415187	Derecho y economía
Q1468865	Derecho y economía
Q1479995	Derecho y economía
Q154954	Derecho y economía
Q155076	Derecho y economía
Q159810	Derecho y economía
Q160151	Derecho y economía
Q163740	Derecho y economía
Q16605989	Derecho y economía
Q166656	Derecho y economía
Q178476	Derecho y economía
Q178803	Derecho y economía
Q179073	Derecho y economía
Q180107	Derecho y economía
Q182076	Derecho y economía
Q18288972	Derecho y economía
Q182985	Derecho y economía
Q183384	Derecho y economía
Q188485	Derecho y economía
Q19013759	Derecho y economía
Q190258	Derecho y economía
Q192270	Derecho y economía
Q192311	Derecho y economía
Q192796	Derecho y economía
Q192886	Derecho y economía
Q1968864	Derecho y economía
Q200435	Derecho y economía
Q2029841	Derecho y economía
Q205665	Derecho y economía
Q210947	Derecho y economía
Q216200	Derecho y economía
Q22687	Derecho y economía
Q22688	Derecho y economía
Q237789	Derecho y economía
Q2386606	Derecho y economía
Q2424752	Derecho y economía
Q2476047	Derecho y economía
Q25399103	Derecho y economía
Q2542563	Derecho y economía
Q2585623	Derecho y economía
Q2641256	Derecho y economía
Q265236	Derecho y economía
Q2674302	Derecho y economía
Q271855	Derecho y economía
Q3030513	Derecho y economía
Q305186	Derecho y economía
Q30898828	Derecho y economía
Q319622	Derecho y economía
Q32098	Derecho y economía
Q3242046	Derecho y economía
Q328293	Derecho y economía
Q35865	Derecho y economía
Q3614420	Derecho y economía
Q3625580	Derecho y economía
Q3629172	Derecho y economía
Q3712200	Derecho y economía
Q3726248	Derecho y economía
Q3747503	Derecho y economía
Q3747514	Derecho y economía
Q3760900	Derecho y economía
Q37654	Derecho y economía
Q3797511	Derecho y economía
Q3797566	Derecho y economía
Q3802136	Derecho y economía
Q3829739	Derecho y economía
Q3829748	Derecho y economía
Q3831756	Derecho y economía
Q3832507	Derecho y economía
Q384014	Derecho y economía
Q3858501	Derecho y economía
Q3927762	Derecho y economía
Q3965152	Derecho y economía
Q3968617	Derecho y economía
Q3968632	Derecho y economía
Q3984773	Derecho y economía
Q41171	Derecho y economía
Q41207	Derecho y economía
Q42008	Derecho y economía
Q42138	Derecho y economía
Q42876	Derecho y economía
Q4290	Derecho y economía
Q43109	Derecho y economía
Q43637	Derecho y economía
Q43702	Derecho y economía
Q4394526	Derecho y economía
Q4530482	Derecho y economía
Q471855	Derecho y economía
Q47359	Derecho y economía
Q48204	Derecho y economía
Q484847	Derecho y economía
Q520878	Derecho y economía
Q52834234	Derecho y economía
Q555118	Derecho y economía
Q555911	Derecho y economía
Q582577	Derecho y economía
Q584804	Derecho y economía
Q598188	Derecho y economía
Q6093518	Derecho y economía
Q6216	Derecho y economía
Q633872	Derecho y economía
Q636109	Derecho y economía
Q653953	Derecho y economía
Q656365	Derecho y economía
Q66100	Derecho y economía
Q685744	Derecho y economía
Q6881511	Derecho y economía
Q7184037	Derecho y economía
Q719967	Derecho y economía
Q7243161	Derecho y economía
Q7257739	Derecho y economía
Q7269	Derecho y economía
Q7270	Derecho y economía
Q7278	Derecho y economía
Q739302	Derecho y economía
Q746515	Derecho y economía
Q7748	Derecho y economía
Q7755	Derecho y economía
Q7825	Derecho y economía
Q783794	Derecho y economía
Q796897	Derecho y economía
Q806176	Derecho y economía
Q81329802	Derecho y economía
Q8134	Derecho y economía
Q841424	Derecho y economía
Q842112	Derecho y economía
Q8458	Derecho y economía
Q846882	Derecho y economía
Q878070	Derecho y economía
Q8901	Derecho y economía
Q9317	Derecho y economía
Q93288	Derecho y economía
Q9381	Derecho y economía
Q97284968	Derecho y economía
Q102585	Filosofía
Q10261	Filosofía
Q102851	Filosofía
Q1061693	Filosofía
Q107342	Filosofía
Q1191320	Filosofía
Q123397	Filosofía
Q1248980	Filosofía
Q125249	Filosofía
Q125551	Filosofía
Q126692	Filosofía
Q12718	Filosofía
Q127398	Filosofía
Q1290	Filosofía
Q131015	Filosofía
Q131117	Filosofía
Q131805	Filosofía
Q132157	Filosofía
Q134189	Filosofía
Q1399	Filosofía
Q140694	Filosofía
Q1430	Filosofía
Q153034	Filosofía
Q153232	Filosofía
Q1541	Filosofía
Q154751	Filosofía
Q154959	Filosofía
Q15975	Filosofía
Q159905	Filosofía
Q160362	Filosofía
Q160460	Filosofía
Q160590	Filosofía
Q162145	Filosofía
Q165589	Filosofía
Q166955	Filosofía
Q169243	Filosofía
Q170472	Filosofía
Q171677	Filosofía
Q174929	Filosofía
Q178540	Filosofía
Q178668	Filosofía
Q178709	Filosofía
Q1789540	Filosofía
Q179235	Filosofía
Q179541	Filosofía
Q179785	Filosofía
Q182123	Filosofía
Q182128	Filosofía
Q183144	Filosofía
Q184226	Filosofía
Q184500	Filosofía
Q187520	Filosofía
Q188883	Filosofía
Q189380	Filosofía
Q189597	Filosofía
Q190279	Filosofía
Q190944	Filosofía
Q191359	Filosofía
Q191776	Filosofía
Q192292	Filosofía
Q192313	Filosofía
Q192374	Filosofía
Q192447	Filosofía
Q193769	Filosofía
Q1998646	Filosofía
Q203445	Filosofía
Q2054	Filosofía
Q208238	Filosofía
Q214115	Filosofía
Q2142166	Filosofía
Q214816	Filosofía
Q2236765	Filosofía
Q2236965	Filosofía
Q22738	Filosofía
Q233711	Filosofía
Q254982	Filosofía
Q258369	Filosofía
Q2636432	Filosofía
Q264028	Filosofía
Q264592	Filosofía
Q272119	Filosofía
Q2733908	Filosofía
Q309818	Filosofía
Q310916	Filosofía
Q314488	Filosofía
Q315357	Filosofía
Q316559	Filosofía
Q317098	Filosofía
Q318787	Filosofía
Q334154	Filosofía
Q337311	Filosofía
Q35802	Filosofía
Q36303	Filosofía
Q36330	Filosofía
Q37160	Filosofía
Q37388	Filosofía
Q3745515	Filosofía
Q37577	Filosofía
Q37621	Filosofía
Q378706	Filosofía
Q3796473	Filosofía
Q3796476	Filosofía
Q38066	Filosofía
Q38193	Filosofía
Q39837	Filosofía
Q40591	Filosofía
Q41155	Filosofía
Q41568	Filosofía
Q41630	Filosofía
Q41980	Filosofía
Q42156	Filosofía
Q42458	Filosofía
Q42544	Filosofía
Q4295	Filosofía
Q43216	Filosofía
Q435006	Filosofía
Q43746	Filosofía
Q43936	Filosofía
Q43939	Filosofía
Q44272	Filosofía
Q447	Filosofía
Q457986	Filosofía
Q463846	Filosofía
Q47154	Filosofía
Q48235	Filosofía
Q48301	Filosofía
Q50020	Filosofía
Q57196	Filosofía
Q58586	Filosofía
Q59138	Filosofía
Q60070	Filosofía
Q60080	Filosofía
Q602201	Filosofía
Q6512	Filosofía
Q6527	Filosofía
Q661655	Filosofía
Q679842	Filosofía
Q70991	Filosofía
Q7264	Filosofía
Q737560	Filosofía
Q744738	Filosofía
Q76325	Filosofía
Q76356	Filosofía
Q76516	Filosofía
Q78484	Filosofía
Q8011	Filosofía
Q8018	Filosofía
Q80612	Filosofía
Q80968	Filosofía
Q81244	Filosofía
Q82049	Filosofía
Q82778	Filosofía
Q83041	Filosofía
Q83375	Filosofía
Q839475	Filosofía
Q859	Filosofía
Q868	Filosofía
Q8739	Filosofía
Q8963	Filosofía
Q9047	Filosofía
Q913	Filosofía
Q917440	Filosofía
Q9191	Filosofía
Q9215	Filosofía
Q9235	Filosofía
Q93113	Filosofía
Q9312	Filosofía
Q9353	Filosofía
Q9358	Filosofía
Q9391	Filosofía
Q93996	Filosofía
Q9438	Filosofía
Q101965	Física
Q102205	Física
Q1056761	Física
Q1068091	Física
Q107715	Física
Q11376	Física
Q11382	Física
Q11402	Física
Q11412	Física
Q11423	Física
Q11435	Física
Q11438	Física
Q11465	Física
Q11466	Física
Q11476	Física
Q11500	Física
Q117701	Física
Q1185557	Física
Q12089457	Física
Q12457	Física
Q128709	Física
Q1403517	Física
Q14620	Física
Q161254	Física
Q161462	Física
Q161635	Física
Q165939	Física
Q170749	Física
Q172881	Física
Q178192	Física
Q178733	Física
Q179388	Física
Q17996169	Física
Q181175	Física
Q181328	Física
Q181365	Física
Q181404	Física
Q184550	Física
Q184876	Física
Q185357	Física
Q186300	Física
Q190070	Física
Q190291	Física
Q192388	Física
Q192735	Física
Q192788	Física
Q193846	Física
Q196538	Física
Q2035846	Física
Q20702	Física
Q210546	Física
Q212126	Física
Q215007	Física
Q216320	Física
Q217113	Física
Q219142	Física
Q219207	Física
Q2297853	Física
Q2305665	Física
Q2481895	Física
Q25288	Física
Q25342	Física
Q2642081	Física
Q2945123	Física
Q29539	Física
Q3057447	Física
Q307	Física
Q313600	Física
Q3748907	Física
Q38433	Física
Q39297	Física
Q394	Física
Q39552	Física
Q40164	Física
Q41273	Física
Q4213	Física
Q42213	Física
Q44432	Física
Q44528	Física
Q46276	Física
Q47574	Física
Q48103	Física
Q487756	Física
Q50380212	Física
Q558066	Física
Q6485344	Física
Q673166	Física
Q675287	Física
Q715746	Física
Q716915	Física
Q7364	Física
Q768575	Física
Q7783183	Física
Q79782	Física
Q81809	Física
Q822938	Física
Q82580	Física
Q829564	Física
Q83219	Física
Q865920	Física
Q891408	Física
Q907823	Física
Q9128	Física
Q985318	Física
Q1006733	Geografía
Q101420429	Geografía
Q1016	Geografía
Q1019	Geografía
Q1028	Geografía
Q1032	Geografía
Q1033	Geografía
Q104021	Geografía
Q1041	Geografía
Q1045	Geografía
Q1049	Geografía
Q107425	Geografía
Q10858537	Geografía
Q1092661	Geografía
Q114	Geografía
Q11451	Geografía
Q115	Geografía
Q11708	Geografía
Q11750	Geografía
Q119716	Geografía
Q1210	Geografía
Q12143	Geografía
Q1216	Geografía
Q1222	Geografía
Q1237	Geografía
Q123991	Geografía
Q1243	Geografía
Q1246	Geografía
Q1250	Geografía
Q1256	Geografía
Q1263	Geografía
Q12707	Geografía
Q1273	Geografía
Q1279	Geografía
Q1280	Geografía
Q1282	Geografía
Q12831143	Geografía
Q12837	Geografía
Q1284	Geografía
Q1285	Geografía
Q1286	Geografía
Q13116	Geografía
Q131449	Geografía
Q1318388	Geografía
Q1410	Geografía
Q142	Geografía
Q1422116	Geografía
Q14373	Geografía
Q1438	Geografía
Q1443	Geografía
Q1447	Geografía
Q145	Geografía
Q1452	Geografía
Q1458	Geografía
Q1460	Geografía
Q1462	Geografía
Q148	Geografía
Q148993	Geografía
Q15	Geografía
Q155	Geografía
Q1569011	Geografía
Q159	Geografía
Q16	Geografía
Q160091	Geografía
Q167466	Geografía
Q17	Geografía
Q177567	Geografía
Q18	Geografía
Q183	Geografía
Q184	Geografía
Q184382	Geografía
Q188419	Geografía
Q18869	Geografía
Q189	Geografía
Q18965	Geografía
Q191	Geografía
Q191086	Geografía
Q1945600	Geografía
Q1987553	Geografía
Q20	Geografía
Q2001617	Geografía
Q202207	Geografía
Q211	Geografía
Q212	Geografía
Q21235336	Geografía
Q213	Geografía
Q214	Geografía
Q215	Geografía
Q216989	Geografía
Q217	Geografía
Q218	Geografía
Q219	Geografía
Q219060	Geografía
Q221	Geografía
Q222	Geografía
Q224	Geografía
Q225	Geografía
Q22664	Geografía
Q228	Geografía
Q228197	Geografía
Q228201	Geografía
Q229	Geografía
Q232	Geografía
Q233	Geografía
Q23397	Geografía
Q235	Geografía
Q23522	Geografía
Q236	Geografía
Q237	Geografía
Q23718	Geografía
Q238	Geografía
Q241	Geografía
Q244326	Geografía
Q245260	Geografía
Q2472587	Geografía
Q252	Geografía
Q25322	Geografía
Q258	Geografía
Q262	Geografía
Q27	Geografía
Q27381	Geografía
Q27394	Geografía
Q27407	Geografía
Q27433	Geografía
Q27468	Geografía
Q27611	Geografía
Q28	Geografía
Q29	Geografía
Q30	Geografía
Q30198	Geografía
Q3079079	Geografía
Q31	Geografía
Q32	Geografía
Q33	Geografía
Q331439	Geografía
Q3359409	Geografía
Q33829	Geografía
Q34	Geografía
Q347	Geografía
Q35	Geografía
Q35942	Geografía
Q36	Geografía
Q37	Geografía
Q37394	Geografía
Q3739874	Geografía
Q3748031	Geografía
Q3748032	Geografía
Q38	Geografía
Q38272	Geografía
Q385378	Geografía
Q38994	Geografía
Q39	Geografía
Q39731	Geografía
Q40	Geografía
Q4006	Geografía
Q4022	Geografía
Q403	Geografía
Q408	Geografía
Q41	Geografía
Q414	Geografía
Q418	Geografía
Q419	Geografía
Q42225	Geografía
Q423	Geografía
Q42320	Geografía
Q42515	Geografía
Q43	Geografía
Q43262	Geografía
Q4412	Geografía
Q45	Geografía
Q458	Geografía
Q45918	Geografía
Q46	Geografía
Q471822	Geografía
Q48	Geografía
Q485100	Geografía
Q49	Geografía
Q49389	Geografía
Q5055020	Geografía
Q51	Geografía
Q5107	Geografía
Q515	Geografía
Q52062	Geografía
Q538	Geografía
Q54050	Geografía
Q5456	Geografía
Q55	Geografía
Q55638	Geografía
Q55639	Geografía
Q55640	Geografía
Q584	Geografía
Q60140	Geografía
Q601401	Geografía
Q60670	Geografía
Q6266	Geografía
Q6583	Geografía
Q66065	Geografía
Q664	Geografía
Q667552	Geografía
Q668	Geografía
Q69564	Geografía
Q715391	Geografía
Q720060	Geografía
Q720362	Geografía
Q7204	Geografía
Q72499	Geografía
Q736	Geografía
Q7406919	Geografía
Q753858	Geografía
Q7590	Geografía
Q77120	Geografía
Q7785	Geografía
Q781650	Geografía
Q782287	Geografía
Q7892	Geografía
Q79	Geografía
Q794	Geografía
Q796	Geografía
Q801	Geografía
Q80962	Geografía
Q8148	Geografía
Q828	Geografía
Q83356	Geografía
Q843	Geografía
Q8502	Geografía
Q851	Geografía
Q877729	Geografía
Q884	Geografía
Q889	Geografía
Q900636	Geografía
Q912825	Geografía
Q924	Geografía
Q928	Geografía
Q948	Geografía
Q958	Geografía
Q96	Geografía
Q97372097	Geografía
Q974	Geografía
Q102532	Gramática
Q103184	Gramática
Q104083	Gramática
Q104394	Gramática
Q1050744	Gramática
Q1051175	Gramática
Q1084	Gramática
Q10925	Gramática
Q1094061	Gramática
Q1100446	Gramática
Q1101896	Gramática
Q110786	Gramática
Q11169	Gramática
Q112154	Gramática
Q1122094	Gramática
Q117364	Gramática
Q1194697	Gramática
Q1234617	Gramática
Q1240211	Gramática
Q12547192	Gramática
Q1317831	Gramática
Q13475484	Gramática
Q1385607	Gramática
Q1402059	Gramática
Q1419215	Gramática
Q146786	Gramática
Q147276	Gramática
Q1475560	Gramática
Q1502460	Gramática
Q1509829	Gramática
Q1520033	Gramática
Q161736	Gramática
Q162378	Gramática
Q164573	Gramática
Q16543336	Gramática
Q166764	Gramática
Q170239	Gramática
Q172008	Gramática
Q174565	Gramática
Q177449	Gramática
Q1775415	Gramática
Q177691	Gramática
Q1780774	Gramática
Q1783714	Gramática
Q178890	Gramática
Q179080	Gramática
Q179230	Gramática
Q180309	Gramática
Q181767	Gramática
Q184932	Gramática
Q187819	Gramática
Q1898328	Gramática
Q190212	Gramática
Q1923028	Gramática
Q202444	Gramática
Q207509	Gramática
Q211101	Gramática
Q216042	Gramática
Q22716	Gramática
Q2403074	Gramática
Q245423	Gramática
Q24905	Gramática
Q2511733	Gramática
Q25619773	Gramática
Q2648497	Gramática
Q27955084	Gramática
Q2824480	Gramática
Q2990574	Gramática
Q30894408	Gramática
Q32518	Gramática
Q338257	Gramática
Q3407566	Gramática
Q34698	Gramática
Q34793275	Gramática
Q3502541	Gramática
Q3502544	Gramática
Q3502553	Gramática
Q3606523	Gramática
Q3606525	Gramática
Q3614985	Gramática
Q3614989	Gramática
Q36224	Gramática
Q36244	Gramática
Q3631250	Gramática
Q36484	Gramática
Q3685146	Gramática
Q3685150	Gramática
Q3685151	Gramática
Q3685153	Gramática
Q3685154	Gramática
Q3685155	Gramática
Q3685156	Gramática
Q3685157	Gramática
Q3685158	Gramática
Q3685159	Gramática
Q3685160	Gramática
Q3685162	Gramática
Q3685163	Gramática
Q3685168	Gramática
Q3685169	Gramática
Q3685171	Gramática
Q3686414	Gramática
Q3774124	Gramática
Q380023	Gramática
Q380057	Gramática
Q38035	Gramática
Q380933	Gramática
Q3877913	Gramática
Q3886299	Gramática
Q3899904	Gramática
Q3910094	Gramática
Q3921587	Gramática
Q3923912	Gramática
Q3923915	Gramática
Q3923999	Gramática
Q3924006	Gramática
Q3924013	Gramática
Q3924014	Gramática
Q3924015	Gramática
Q3924016	Gramática
Q3924021	Gramática
Q3924022	Gramática
Q3953977	Gramática
Q3984890	Gramática
Q4009866	Gramática
Q41796	Gramática
Q436048	Gramática
Q442145	Gramática
Q442485	Gramática
Q465800	Gramática
Q468801	Gramática
Q473746	Gramática
Q474328	Gramática
Q474628	Gramática
Q4833830	Gramática
Q499327	Gramática
Q5051	Gramática
Q550383	Gramática
Q560570	Gramática
Q56682909	Gramática
Q576670	Gramática
Q577714	Gramática
Q5978303	Gramática
Q611474	Gramática
Q623742	Gramática
Q625581	Gramática
Q627319	Gramática
Q63116	Gramática
Q650250	Gramática
Q65131318	Gramática
Q682111	Gramática
Q690940	Gramática
Q728001	Gramática
Q750663	Gramática
Q8043	Gramática
Q814722	Gramática
Q8188	Gramática
Q82622	Gramática
Q830012	Gramática
Q83034	Gramática
Q852201	Gramática
Q944863	Gramática
Q956030	Gramática
Q1246315	[NULL]
Q128234	[NULL]
Q131105	[NULL]
Q138246	[NULL]
Q145599	[NULL]
Q146078	[NULL]
Q146233	[NULL]
Q1502853	[NULL]
Q15141402	[NULL]
Q156986	[NULL]
Q185077	[NULL]
Q19819479	[NULL]
Q20009493	[NULL]
Q202142	[NULL]
Q27716	[NULL]
Q3606519	[NULL]
Q3606520	[NULL]
Q3629385	[NULL]
Q3685147	[NULL]
Q3686839	[NULL]
Q3699374	[NULL]
Q3799475	[NULL]
Q3896644	[NULL]
Q3899885	[NULL]
Q3899915	[NULL]
Q3921589	[NULL]
Q3921592	[NULL]
Q3923913	[NULL]
Q3923993	[NULL]
Q3923994	[NULL]
Q3923995	[NULL]
Q3923997	[NULL]
Q3923998	[NULL]
Q3924002	[NULL]
Q3924007	[NULL]
Q3924009	[NULL]
Q3924012	[NULL]
Q3924018	[NULL]
Q3924019	[NULL]
Q3924020	[NULL]
Q3924023	[NULL]
Q3927097	[NULL]
Q3927887	[NULL]
Q3953978	[NULL]
Q3953983	[NULL]
Q397	[NULL]
Q3984892	[NULL]
Q4009863	[NULL]
Q4009868	[NULL]
Q48801296	[NULL]
Q548470	[NULL]
Q604984	[NULL]
Q731298	[NULL]
Q933483	[NULL]
Q1000462	Ciencias de la computación
Q10135	Ciencias de la computación
Q104851	Ciencias de la computación
Q1049476	Ciencias de la computación
Q1058748	Ciencias de la computación
Q1062677	Ciencias de la computación
Q1069090	Ciencias de la computación
Q1070421	Ciencias de la computación
Q1091461	Ciencias de la computación
Q11030584	Ciencias de la computación
Q11135	Ciencias de la computación
Q11216	Ciencias de la computación
Q11255	Ciencias de la computación
Q1125955	Ciencias de la computación
Q1140685	Ciencias de la computación
Q11660	Ciencias de la computación
Q118171	Ciencias de la computación
Q1189238	Ciencias de la computación
Q121117	Ciencias de la computación
Q1250322	Ciencias de la computación
Q128751	Ciencias de la computación
Q1301371	Ciencias de la computación
Q131164	Ciencias de la computación
Q13166	Ciencias de la computación
Q13407144	Ciencias de la computación
Q1366302	Ciencias de la computación
Q13741	Ciencias de la computación
Q1406	Ciencias de la computación
Q14116	Ciencias de la computación
Q1426186	Ciencias de la computación
Q14656	Ciencias de la computación
Q1508721	Ciencias de la computación
Q155972	Ciencias de la computación
Q15777	Ciencias de la computación
Q160710	Ciencias de la computación
Q163310	Ciencias de la computación
Q168210	Ciencias de la computación
Q170130	Ciencias de la computación
Q170519	Ciencias de la computación
Q171	Ciencias de la computación
Q173183	Ciencias de la computación
Q173212	Ciencias de la computación
Q173285	Ciencias de la computación
Q1747853	Ciencias de la computación
Q174948	Ciencias de la computación
Q174989	Ciencias de la computación
Q1753097	Ciencias de la computación
Q176165	Ciencias de la computación
Q178048	Ciencias de la computación
Q178648	Ciencias de la computación
Q180943	Ciencias de la computación
Q181551	Ciencias de la computación
Q181593	Ciencias de la computación
Q182270	Ciencias de la computación
Q183065	Ciencias de la computación
Q183197	Ciencias de la computación
Q183427	Ciencias de la computación
Q184754	Ciencias de la computación
Q184793	Ciencias de la computación
Q185092	Ciencias de la computación
Q186152	Ciencias de la computación
Q186885	Ciencias de la computación
Q188267	Ciencias de la computación
Q18845397	Ciencias de la computación
Q189088	Ciencias de la computación
Q189210	Ciencias de la computación
Q192525	Ciencias de la computación
Q19541	Ciencias de la computación
Q201339	Ciencias de la computación
Q201456	Ciencias de la computación
Q205084	Ciencias de la computación
Q211496	Ciencias de la computación
Q21198	Ciencias de la computación
Q212542	Ciencias de la computación
Q215206	Ciencias de la computación
Q216601	Ciencias de la computación
Q2192	Ciencias de la computación
Q220849	Ciencias de la computación
Q223679	Ciencias de la computación
Q224055	Ciencias de la computación
Q22645	Ciencias de la computación
Q229367	Ciencias de la computación
Q232207	Ciencias de la computación
Q23808	Ciencias de la computación
Q2407	Ciencias de la computación
Q250	Ciencias de la computación
Q251	Ciencias de la computación
Q254183	Ciencias de la computación
Q2635326	Ciencias de la computación
Q264164	Ciencias de la computación
Q275131	Ciencias de la computación
Q300914	Ciencias de la computación
Q30849	Ciencias de la computación
Q309157	Ciencias de la computación
Q3220391	Ciencias de la computación
Q3240252	Ciencias de la computación
Q327675	Ciencias de la computación
Q339072	Ciencias de la computación
Q3428776	Ciencias de la computación
Q3510521	Ciencias de la computación
Q35127	Ciencias de la computación
Q37045	Ciencias de la computación
Q3761391	Ciencias de la computación
Q388	Ciencias de la computación
Q390557	Ciencias de la computación
Q3909444	Ciencias de la computación
Q3913	Ciencias de la computación
Q3932296	Ciencias de la computación
Q3951866	Ciencias de la computación
Q3960105	Ciencias de la computación
Q3960106	Ciencias de la computación
Q3962	Ciencias de la computación
Q3966	Ciencias de la computación
Q40056	Ciencias de la computación
Q4011400	Ciencias de la computación
Q42591	Ciencias de la computación
Q42979	Ciencias de la computación
Q4321	Ciencias de la computación
Q44127	Ciencias de la computación
Q442781	Ciencias de la computación
Q4439	Ciencias de la computación
Q4479242	Ciencias de la computación
Q46441	Ciencias de la computación
Q466	Ciencias de la computación
Q47146	Ciencias de la computación
Q47506	Ciencias de la computación
Q47607	Ciencias de la computación
Q483639	Ciencias de la computación
Q48493	Ciencias de la computación
Q486598	Ciencias de la computación
Q5082128	Ciencias de la computación
Q52	Ciencias de la computación
Q5254619	Ciencias de la computación
Q5295	Ciencias de la computación
Q5300	Ciencias de la computación
Q54277	Ciencias de la computación
Q55813	Ciencias de la computación
Q56155	Ciencias de la computación
Q5830907	Ciencias de la computación
Q604733	Ciencias de la computación
Q60864	Ciencias de la computación
Q620615	Ciencias de la computación
Q620620	Ciencias de la computación
Q624546	Ciencias de la computación
Q628036	Ciencias de la computación
Q638608	Ciencias de la computación
Q639681	Ciencias de la computación
Q6473564	Ciencias de la computación
Q651022	Ciencias de la computación
Q6661985	Ciencias de la computación
Q68	Ciencias de la computación
Q722507	Ciencias de la computación
Q7247260	Ciencias de la computación
Q7247856	Ciencias de la computación
Q7397	Ciencias de la computación
Q746242	Ciencias de la computación
Q75	Ciencias de la computación
Q7987	Ciencias de la computación
Q80006	Ciencias de la computación
Q80535	Ciencias de la computación
Q81414	Ciencias de la computación
Q815844	Ciencias de la computación
Q818930	Ciencias de la computación
Q81945	Ciencias de la computación
Q82753	Ciencias de la computación
Q82828	Ciencias de la computación
Q8366	Ciencias de la computación
Q838092	Ciencias de la computación
Q838119	Ciencias de la computación
Q842936	Ciencias de la computación
Q844718	Ciencias de la computación
Q846324	Ciencias de la computación
Q8513	Ciencias de la computación
Q860372	Ciencias de la computación
Q868454	Ciencias de la computación
Q869548	Ciencias de la computación
Q877977	Ciencias de la computación
Q8789	Ciencias de la computación
Q8799	Ciencias de la computación
Q8805	Ciencias de la computación
Q8811	Ciencias de la computación
Q8815	Ciencias de la computación
Q8819	Ciencias de la computación
Q9135	Ciencias de la computación
Q9143	Ciencias de la computación
Q9158	Ciencias de la computación
Q920890	Ciencias de la computación
Q93241	Ciencias de la computación
Q93312	Ciencias de la computación
Q934729	Ciencias de la computación
Q94	Ciencias de la computación
Q9662	Ciencias de la computación
Q1024999	Literatura
Q102932	Literatura
Q1029676	Literatura
Q1032190	Literatura
Q1045266	Literatura
Q1053313	Literatura
Q1055609	Literatura
Q1058842	Literatura
Q1064	Literatura
Q1067	Literatura
Q1081300	Literatura
Q1092339	Literatura
Q1092462	Literatura
Q1094598	Literatura
Q1094908	Literatura
Q11033	Literatura
Q1113267	Literatura
Q1131281	Literatura
Q1132008	Literatura
Q11336	Literatura
Q1135521	Literatura
Q1159457	Literatura
Q11690026	Literatura
Q1179618	Literatura
Q1179737	Literatura
Q1193736	Literatura
Q1195304	Literatura
Q1209449	Literatura
Q1216707	Literatura
Q1217941	Literatura
Q1219705	Literatura
Q1227375	Literatura
Q1232053	Literatura
Q1245589	Literatura
Q1246333	Literatura
Q1246391	Literatura
Q1248697	Literatura
Q12807	Literatura
Q131719	Literatura
Q131808	Literatura
Q1328015	Literatura
Q133641	Literatura
Q134221	Literatura
Q1349158	Literatura
Q1352178	Literatura
Q1362030	Literatura
Q1377174	Literatura
Q1394847	Literatura
Q1394860	Literatura
Q1401	Literatura
Q1402	Literatura
Q1402912	Literatura
Q1403	Literatura
Q14185	Literatura
Q1431376	Literatura
Q14378	Literatura
Q1457297	Literatura
Q1473417	Literatura
Q149537	Literatura
Q1517519	Literatura
Q15221996	Literatura
Q153670	Literatura
Q15402102	Literatura
Q154611	Literatura
Q154756	Literatura
Q16166477	Literatura
Q1618027	Literatura
Q161933	Literatura
Q16266320	Literatura
Q1632269	Literatura
Q16323364	Literatura
Q1638370	Literatura
Q16438	Literatura
Q165534	Literatura
Q16619154	Literatura
Q166234	Literatura
Q168962	Literatura
Q172599	Literatura
Q1753902	Literatura
Q1754072	Literatura
Q1766450	Literatura
Q1768303	Literatura
Q177854	Literatura
Q18081	Literatura
Q18084	Literatura
Q185427	Literatura
Q1858041	Literatura
Q18590159	Literatura
Q186162	Literatura
Q187998	Literatura
Q191089	Literatura
Q19140289	Literatura
Q191489	Literatura
Q191850	Literatura
Q191890	Literatura
Q19287983	Literatura
Q193217	Literatura
Q193236	Literatura
Q1935489	Literatura
Q19622368	Literatura
Q19814	Literatura
Q1983009	Literatura
Q199588	Literatura
Q19984772	Literatura
Q2022	Literatura
Q20630333	Literatura
Q2080788	Literatura
Q210854	Literatura
Q21192549	Literatura
Q213457	Literatura
Q213482	Literatura
Q214078	Literatura
Q215198	Literatura
Q216478	Literatura
Q216582	Literatura
Q21670147	Literatura
Q219491	Literatura
Q2238230	Literatura
Q2246931	Literatura
Q2249636	Literatura
Q2250271	Literatura
Q2271183	Literatura
Q2279483	Literatura
Q231781	Literatura
Q232913	Literatura
Q2356529	Literatura
Q2397918	Literatura
Q240576	Literatura
Q241087	Literatura
Q242095	Literatura
Q2450161	Literatura
Q2457695	Literatura
Q2465530	Literatura
Q250414	Literatura
Q25106	Literatura
Q25120	Literatura
Q2541435	Literatura
Q255368	Literatura
Q2566559	Literatura
Q256922	Literatura
Q2571696	Literatura
Q2630581	Literatura
Q2641199	Literatura
Q2641504	Literatura
Q2663007	Literatura
Q268166	Literatura
Q270227	Literatura
Q271814	Literatura
Q274404	Literatura
Q275979	Literatura
Q2778917	Literatura
Q2827083	Literatura
Q28491	Literatura
Q28669829	Literatura
Q28730	Literatura
Q29473	Literatura
Q29521085	Literatura
Q296244	Literatura
Q296272	Literatura
Q3021244	Literatura
Q302218	Literatura
Q309786	Literatura
Q311674	Literatura
Q311802	Literatura
Q316876	Literatura
Q317142	Literatura
Q317267	Literatura
Q319557	Literatura
Q3204179	Literatura
Q3209720	Literatura
Q3210444	Literatura
Q3221445	Literatura
Q3231688	Literatura
Q3233315	Literatura
Q32833	Literatura
Q328747	Literatura
Q332489	Literatura
Q334188	Literatura
Q338478	Literatura
Q3388095	Literatura
Q3473948	Literatura
Q3484042	Literatura
Q35222	Literatura
Q3538152	Literatura
Q3602853	Literatura
Q3602986	Literatura
Q3603993	Literatura
Q3607564	Literatura
Q3612319	Literatura
Q3612364	Literatura
Q3614629	Literatura
Q3614974	Literatura
Q3620859	Literatura
Q3655711	Literatura
Q3655724	Literatura
Q366270	Literatura
Q3664263	Literatura
Q3676454	Literatura
Q3678183	Literatura
Q3680468	Literatura
Q368206	Literatura
Q3684237	Literatura
Q3686204	Literatura
Q3687261	Literatura
Q3713933	Literatura
Q3718889	Literatura
Q3724493	Literatura
Q3730656	Literatura
Q3730666	Literatura
Q3731066	Literatura
Q3743412	Literatura
Q3751591	Literatura
Q37560	Literatura
Q375998	Literatura
Q3762204	Literatura
Q3771771	Literatura
Q3772477	Literatura
Q37853	Literatura
Q378645	Literatura
Q378658	Literatura
Q3790944	Literatura
Q3791315	Literatura
Q3791396	Literatura
Q3792578	Literatura
Q3792632	Literatura
Q3792638	Literatura
Q3792984	Literatura
Q3793899	Literatura
Q3794211	Literatura
Q3795058	Literatura
Q3795119	Literatura
Q3795657	Literatura
Q3797326	Literatura
Q3798919	Literatura
Q3801281	Literatura
Q3804209	Literatura
Q3817873	Literatura
Q3817893	Literatura
Q3821511	Literatura
Q3821715	Literatura
Q3821831	Literatura
Q3822537	Literatura
Q3822884	Literatura
Q3822967	Literatura
Q3823572	Literatura
Q3823759	Literatura
Q3823943	Literatura
Q3824693	Literatura
Q3828360	Literatura
Q3828598	Literatura
Q3828908	Literatura
Q3831119	Literatura
Q3831189	Literatura
Q3832975	Literatura
Q3833332	Literatura
Q3855153	Literatura
Q3858037	Literatura
Q3866233	Literatura
Q3866451	Literatura
Q3869127	Literatura
Q3878016	Literatura
Q3880609	Literatura
Q3880858	Literatura
Q3880861	Literatura
Q3884062	Literatura
Q3884066	Literatura
Q3884075	Literatura
Q3884076	Literatura
Q3884085	Literatura
Q3884093	Literatura
Q3884099	Literatura
Q3886794	Literatura
Q389380	Literatura
Q3895154	Literatura
Q3897842	Literatura
Q3902076	Literatura
Q3902653	Literatura
Q3902654	Literatura
Q3906988	Literatura
Q3906998	Literatura
Q3907003	Literatura
Q3909466	Literatura
Q3921796	Literatura
Q3924076	Literatura
Q3926645	Literatura
Q3927678	Literatura
Q3929379	Literatura
Q3935126	Literatura
Q3935840	Literatura
Q3935849	Literatura
Q3937297	Literatura
Q3950814	Literatura
Q3954040	Literatura
Q3955454	Literatura
Q3958154	Literatura
Q3964389	Literatura
Q3966553	Literatura
Q3976804	Literatura
Q3980923	Literatura
Q3982439	Literatura
Q4003208	Literatura
Q4004349	Literatura
Q4004472	Literatura
Q4006171	Literatura
Q4010225	Literatura
Q40185	Literatura
Q4024389	Literatura
Q4302	Literatura
Q43440	Literatura
Q444143	Literatura
Q44601	Literatura
Q448	Literatura
Q4489699	Literatura
Q4501	Literatura
Q451312	Literatura
Q466811	Literatura
Q468658	Literatura
Q468662	Literatura
Q470067	Literatura
Q471523	Literatura
Q471831	Literatura
Q472246	Literatura
Q475477	Literatura
Q47783	Literatura
Q48900	Literatura
Q48922	Literatura
Q492173	Literatura
Q495300	Literatura
Q504	Literatura
Q507738	Literatura
Q509504	Literatura
Q510621	Literatura
Q51178	Literatura
Q521191	Literatura
Q529146	Literatura
Q542036	Literatura
Q542039	Literatura
Q550318	Literatura
Q555291	Literatura
Q55996	Literatura
Q5641190	Literatura
Q580462	Literatura
Q585401	Literatura
Q5977111	Literatura
Q604448	Literatura
Q630832	Literatura
Q631635	Literatura
Q638094	Literatura
Q641651	Literatura
Q641668	Literatura
Q6502703	Literatura
Q650906	Literatura
Q654562	Literatura
Q655618	Literatura
Q660359	Literatura
Q666014	Literatura
Q667340	Literatura
Q669479	Literatura
Q670694	Literatura
Q685342	Literatura
Q704179	Literatura
Q714946	Literatura
Q723569	Literatura
Q723643	Literatura
Q733342	Literatura
Q736348	Literatura
Q73880	Literatura
Q741862	Literatura
Q745578	Literatura
Q769831	Literatura
Q774625	Literatura
Q7791	Literatura
Q779955	Literatura
Q780989	Literatura
Q805130	Literatura
Q818632	Literatura
Q823002	Literatura
Q83003	Literatura
Q83038	Literatura
Q83174	Literatura
Q835520	Literatura
Q836036	Literatura
Q846094	Literatura
Q85861623	Literatura
Q86670010	Literatura
Q873000	Literatura
Q876333	Literatura
Q901417	Literatura
Q921273	Literatura
Q924424	Literatura
Q963619	Literatura
Q964699	Literatura
Q982945	Literatura
Q983263	Literatura
Q995950	Literatura
Q1180565	Literatura
Q1203607	Literatura
Q1230918	Literatura
Q1233645	Literatura
Q1234585	Literatura
Q1390924	Literatura
Q1469987	Literatura
Q172048	Literatura
Q180081	Literatura
Q184890	Literatura
Q193058	Literatura
Q2038843	Literatura
Q204058	Literatura
Q212667	Literatura
Q266459	Literatura
Q298729	Literatura
Q311287	Literatura
Q314677	Literatura
Q350781	Literatura
Q3950773	Literatura
Q3974136	Literatura
Q47130	Literatura
Q47160	Literatura
Q475025	Literatura
Q611895	Literatura
Q678909	Literatura
Q861986	Literatura
Q1022111	Matemática
Q102761	Matemática
Q1062932	Matemática
Q1065257	Matemática
Q1068675	Matemática
Q1069998	Matemática
Q1071270	Matemática
Q10764194	Matemática
Q1079958	Matemática
Q10955875	Matemática
Q11197	Matemática
Q11203	Matemática
Q11214	Matemática
Q1122484	Matemática
Q11229	Matemática
Q1129196	Matemática
Q11345	Matemática
Q11348	Matemática
Q11352	Matemática
Q1136880	Matemática
Q114326	Matemática
Q1147832	Matemática
Q115089	Matemática
Q11518	Matemática
Q11567	Matemática
Q11570	Matemática
Q11573	Matemática
Q11574	Matemática
Q11582	Matemática
Q1197114	Matemática
Q1203075	Matemática
Q120976	Matemática
Q1217677	Matemática
Q1226939	Matemática
Q124255	Matemática
Q1244890	Matemática
Q12503	Matemática
Q12507	Matemática
Q1256164	Matemática
Q12916	Matemática
Q130901	Matemática
Q130998	Matemática
Q131752	Matemática
Q133250	Matemática
Q134237	Matemática
Q1379344	Matemática
Q1401935	Matemática
Q147572	Matemática
Q1509757	Matemática
Q15140913	Matemática
Q152415	Matemática
Q157002	Matemática
Q158688	Matemática
Q16021	Matemática
Q161519	Matemática
Q164	Matemática
Q164321	Matemática
Q1645406	Matemática
Q165301	Matemática
Q165309	Matemática
Q165474	Matemática
Q16592298	Matemática
Q166154	Matemática
Q167	Matemática
Q170008	Matemática
Q170058	Matemática
Q170181	Matemática
Q17278	Matemática
Q17285	Matemática
Q173523	Matemática
Q173817	Matemática
Q174728	Matemática
Q17628883	Matemática
Q177051	Matemática
Q177239	Matemática
Q177646	Matemática
Q179436	Matemática
Q180544	Matemática
Q180907	Matemática
Q181658	Matemática
Q182003	Matemática
Q185359	Matemática
Q185837	Matemática
Q188191	Matemática
Q188804	Matemática
Q189136	Matemática
Q1900125	Matemática
Q190557	Matemática
Q191884	Matemática
Q192439	Matemática
Q193286	Matemática
Q193623	Matemática
Q193796	Matemática
Q193885	Matemática
Q194404	Matemática
Q1971429	Matemática
Q19821	Matemática
Q19985151	Matemática
Q200227	Matemática
Q202805	Matemática
Q203066	Matemática
Q204037	Matemática
Q205	Matemática
Q205034	Matemática
Q206049	Matemática
Q207648	Matemática
Q208216	Matemática
Q209	Matemática
Q210	Matemática
Q211459	Matemática
Q21199	Matemática
Q212794	Matemática
Q215382	Matemática
Q2258559	Matemática
Q226183	Matemática
Q229102	Matemática
Q238231	Matemática
Q242767	Matemática
Q243723	Matemática
Q244761	Matemática
Q26382	Matemática
Q26401	Matemática
Q2704282	Matemática
Q273328	Matemática
Q275447	Matemática
Q27809	Matemática
Q2802178	Matemática
Q28113351	Matemática
Q29175	Matemática
Q304479	Matemática
Q3064117	Matemática
Q3064603	Matemática
Q3064604	Matemática
Q3080284	Matemática
Q32043	Matemática
Q322666	Matemática
Q3250296	Matemática
Q33456	Matemática
Q33540	Matemática
Q3358290	Matemática
Q36161	Matemática
Q3617415	Matemática
Q36253	Matemática
Q3650501	Matemática
Q36810	Matemática
Q3710001	Matemática
Q3710003	Matemática
Q3710006	Matemática
Q3710007	Matemática
Q3710008	Matemática
Q37105	Matemática
Q37221	Matemática
Q3730872	Matemática
Q3730878	Matemática
Q3730882	Matemática
Q3730901	Matemática
Q3748394	Matemática
Q3748395	Matemática
Q37555	Matemática
Q3760348	Matemática
Q38526	Matemática
Q38918	Matemática
Q389813	Matemática
Q3926560	Matemática
Q3930272	Matemática
Q3952676	Matemática
Q3962179	Matemática
Q3962183	Matemática
Q3983979	Matemática
Q3983985	Matemática
Q3984001	Matemática
Q3984062	Matemática
Q3984067	Matemática
Q3997732	Matemática
Q3998560	Matemática
Q3998573	Matemática
Q40112	Matemática
Q40276	Matemática
Q40754	Matemática
Q41118	Matemática
Q41159	Matemática
Q41299	Matemática
Q41803	Matemática
Q423189	Matemática
Q42344	Matemática
Q426221	Matemática
Q4291933	Matemática
Q43260	Matemática
Q44946	Matemática
Q46303	Matemática
Q47306354	Matemática
Q48297	Matemática
Q484298	Matemática
Q484623	Matemática
Q484632	Matemática
Q484637	Matemática
Q4897191	Matemática
Q49008	Matemática
Q50695	Matemática
Q50698	Matemática
Q50701	Matemática
Q50708	Matemática
Q53875	Matemática
Q541961	Matemática
Q579258	Matemática
Q579486	Matemática
Q582659	Matemática
Q583960	Matemática
Q601053	Matemática
Q609647	Matemática
Q6265342	Matemática
Q62912	Matemática
Q6498784	Matemática
Q655275	Matemática
Q66055	Matemática
Q6615800	Matemática
Q683560	Matemática
Q714886	Matemática
Q725939	Matemática
Q735660	Matemática
Q746863	Matemática
Q7559698	Matemática
Q80091	Matemática
Q8084	Matemática
Q812880	Matemática
Q81365	Matemática
Q82435	Matemática
Q828224	Matemática
Q845060	Matemática
Q845118	Matemática
Q846505	Matemática
Q846677	Matemática
Q847204	Matemática
Q858520	Matemática
Q875937	Matemática
Q908686	Matemática
Q93344	Matemática
Q937378	Matemática
Q101017	Ciencias
Q101274	Ciencias
Q101949	Ciencias
Q102192	Ciencias
Q1074	Ciencias
Q10872	Ciencias
Q11101	Ciencias
Q1111	Ciencias
Q11379	Ciencias
Q11398	Ciencias
Q11421	Ciencias
Q11651	Ciencias
Q121610	Ciencias
Q122508	Ciencias
Q124291	Ciencias
Q12705	Ciencias
Q127993	Ciencias
Q134267	Ciencias
Q1364	Ciencias
Q14890574	Ciencias
Q155640	Ciencias
Q1664027	Ciencias
Q170196	Ciencias
Q170430	Ciencias
Q178605	Ciencias
Q179635	Ciencias
Q184274	Ciencias
Q184996	Ciencias
Q186368	Ciencias
Q186517	Ciencias
Q19088	Ciencias
Q191934	Ciencias
Q192627	Ciencias
Q192995	Ciencias
Q193927	Ciencias
Q213449	Ciencias
Q23384	Ciencias
Q25358	Ciencias
Q2632167	Ciencias
Q2640512	Ciencias
Q26513	Ciencias
Q2672914	Ciencias
Q283	Ciencias
Q29996	Ciencias
Q3294789	Ciencias
Q33971	Ciencias
Q34740	Ciencias
Q3559	Ciencias
Q35758	Ciencias
Q36133	Ciencias
Q36732	Ciencias
Q3676496	Ciencias
Q3676498	Ciencias
Q37187	Ciencias
Q37868	Ciencias
Q3863	Ciencias
Q40015	Ciencias
Q41500	Ciencias
Q42395	Ciencias
Q427030	Ciencias
Q494603	Ciencias
Q506	Ciencias
Q5113	Ciencias
Q60186	Ciencias
Q6583695	Ciencias
Q712604	Ciencias
Q7239	Ciencias
Q7377	Ciencias
Q7391292	Ciencias
Q877674	Ciencias
Q9121	Ciencias
Q9377	Ciencias
Q943313	Ciencias
Q953219	Ciencias
Q9606	Ciencias
Q97372079	Ciencias
Q988343	Ciencias
Q995745	Ciencias
Q1	Ciencias
Q1037499	Ciencias
Q103983	Ciencias
Q106032	Ciencias
Q107099	Ciencias
Q107410	Ciencias
Q108376	Ciencias
Q1129469	Ciencias
Q1164398	Ciencias
Q11663	Ciencias
Q1247570	Ciencias
Q131123	Ciencias
Q134783	Ciencias
Q1378741	Ciencias
Q1384267	Ciencias
Q15316	Ciencias
Q162167	Ciencias
Q162219	Ciencias
Q165	Ciencias
Q16531303	Ciencias
Q165848	Ciencias
Q167287	Ciencias
Q167903	Ciencias
Q16817	Ciencias
Q170321	Ciencias
Q170332	Ciencias
Q170350	Ciencias
Q178043	Ciencias
Q178977	Ciencias
Q179177	Ciencias
Q180184	Ciencias
Q180600	Ciencias
Q184395	Ciencias
Q184554	Ciencias
Q186167	Ciencias
Q188719	Ciencias
Q191218	Ciencias
Q2	Ciencias
Q208791	Ciencias
Q210539	Ciencias
Q22656	Ciencias
Q23392	Ciencias
Q241284	Ciencias
Q25257	Ciencias
Q25261	Ciencias
Q2623458	Ciencias
Q26388	Ciencias
Q2976560	Ciencias
Q301920	Ciencias
Q318	Ciencias
Q321	Ciencias
Q323	Ciencias
Q3230	Ciencias
Q338	Ciencias
Q34027	Ciencias
Q36477	Ciencias
Q3748186	Ciencias
Q380971	Ciencias
Q3866304	Ciencias
Q3866557	Ciencias
Q38768	Ciencias
Q3983121	Ciencias
Q40157	Ciencias
Q405	Ciencias
Q40614	Ciencias
Q40631	Ciencias
Q42045	Ciencias
Q42278	Ciencias
Q43533	Ciencias
Q437882	Ciencias
Q44235	Ciencias
Q47069	Ciencias
Q47089	Ciencias
Q491689	Ciencias
Q495423	Ciencias
Q5151	Ciencias
Q52109	Ciencias
Q523	Ciencias
Q525	Ciencias
Q544	Ciencias
Q577185	Ciencias
Q634	Ciencias
Q6472	Ciencias
Q674775	Ciencias
Q6999	Ciencias
Q742139	Ciencias
Q752112	Ciencias
Q756914	Ciencias
Q757520	Ciencias
Q7692360	Ciencias
Q777913	Ciencias
Q7937	Ciencias
Q7944	Ciencias
Q7946	Ciencias
Q7950	Ciencias
Q80026	Ciencias
Q8063	Ciencias
Q8070	Ciencias
Q8072	Ciencias
Q8074	Ciencias
Q8094	Ciencias
Q81041	Ciencias
Q81659	Ciencias
Q82480	Ciencias
Q826582	Ciencias
Q83169	Ciencias
Q83371	Ciencias
Q891130	Ciencias
Q9430	Ciencias
Q1001	Historia
Q1003	Historia
Q101362	Historia
Q101373	Historia
Q101534	Historia
Q101935	Historia
Q102083	Historia
Q102416	Historia
Q1031802	Historia
Q103237	Historia
Q104057283	Historia
Q1042024	Historia
Q1047682	Historia
Q1048	Historia
Q1048468	Historia
Q1052120	Historia
Q105763	Historia
Q1061030	Historia
Q1065	Historia
Q106997429	Historia
Q10701282	Historia
Q1072140	Historia
Q10749030	Historia
Q10806	Historia
Q1080711	Historia
Q10859	Historia
Q109251	Historia
Q1108445	Historia
Q1109552	Historia
Q1114493	Historia
Q1118145	Historia
Q1123201	Historia
Q112754	Historia
Q1134177	Historia
Q1136575	Historia
Q1140370	Historia
Q11409	Historia
Q11427	Historia
Q1143413	Historia
Q11464	Historia
Q11471	Historia
Q114717	Historia
Q1159675	Historia
Q11698	Historia
Q11768	Historia
Q1187312	Historia
Q1187484	Historia
Q1192894	Historia
Q1202252	Historia
Q1209716	Historia
Q12132	Historia
Q122371	Historia
Q1238338	Historia
Q12444025	Historia
Q1247524	Historia
Q1248722	Historia
Q12490507	Historia
Q124988	Historia
Q1250763	Historia
Q12519	Historia
Q12536	Historia
Q12539	Historia
Q12544	Historia
Q12546	Historia
Q12548	Historia
Q12551	Historia
Q12557	Historia
Q12560	Historia
Q12562	Historia
Q12567	Historia
Q1257878	Historia
Q126065	Historia
Q126236	Historia
Q127013	Historia
Q12713481	Historia
Q12725	Historia
Q12760	Historia
Q127912	Historia
Q128135	Historia
Q128160	Historia
Q128168	Historia
Q1284512	Historia
Q129167	Historia
Q129286	Historia
Q1294142	Historia
Q130221	Historia
Q130796	Historia
Q1321131	Historia
Q13218676	Historia
Q133032	Historia
Q133132	Historia
Q13405524	Historia
Q134178	Historia
Q13420283	Historia
Q13468437	Historia
Q134840	Historia
Q1348910	Historia
Q13582	Historia
Q136407	Historia
Q1365292	Historia
Q1378456	Historia
Q1394	Historia
Q1405	Historia
Q1410539	Historia
Q1412733	Historia
Q1420791	Historia
Q1421436	Historia
Q1435490	Historia
Q1436	Historia
Q1439991	Historia
Q1456635	Historia
Q1463832	Historia
Q1463845	Historia
Q1463941	Historia
Q146924	Historia
Q148540	Historia
Q148836	Historia
Q148837	Historia
Q14947899	Historia
Q1496	Historia
Q150611	Historia
Q150642	Historia
Q1507074	Historia
Q150812	Historia
Q15098088	Historia
Q151060	Historia
Q151090	Historia
Q151340	Historia
Q15140974	Historia
Q1517385	Historia
Q15212432	Historia
Q152989	Historia
Q153650	Historia
Q153660	Historia
Q153688	Historia
Q154278	Historia
Q154439	Historia
Q154720	Historia
Q154764	Historia
Q1550557	Historia
Q156312	Historia
Q156733	Historia
Q1570124	Historia
Q1570397	Historia
Q1570510	Historia
Q15733698	Historia
Q157648	Historia
Q15890801	Historia
Q15912661	Historia
Q15978631	Historia
Q160077	Historia
Q1605411	Historia
Q1610116	Historia
Q161549	Historia
Q161859	Historia
Q162297	Historia
Q162362	Historia
Q162401	Historia
Q163891	Historia
Q164348	Historia
Q165005	Historia
Q165425	Historia
Q165725	Historia
Q166092	Historia
Q166224	Historia
Q1675084	Historia
Q168182	Historia
Q168691	Historia
Q169759	Historia
Q170153	Historia
Q170161	Historia
Q170541	Historia
Q170770	Historia
Q171043	Historia
Q17161	Historia
Q17167	Historia
Q172579	Historia
Q172771	Historia
Q172991	Historia
Q173100	Historia
Q174306	Historia
Q174361	Historia
Q1754940	Historia
Q175582	Historia
Q1765465	Historia
Q177819	Historia
Q1778604	Historia
Q177918	Historia
Q178354	Historia
Q178790	Historia
Q178897	Historia
Q179164	Historia
Q179250	Historia
Q179684	Historia
Q179788	Historia
Q179840	Historia
Q179876	Historia
Q179997	Historia
Q180548	Historia
Q180568	Historia
Q181026	Historia
Q181264	Historia
Q182062	Historia
Q182274	Historia
Q182865	Historia
Q182897	Historia
Q183225	Historia
Q183725	Historia
Q184183	Historia
Q184313	Historia
Q184558	Historia
Q184725	Historia
Q184928	Historia
Q18550	Historia
Q185565	Historia
Q185598	Historia
Q185729	Historia
Q18578423	Historia
Q187149	Historia
Q187336	Historia
Q187650	Historia
Q187742	Historia
Q188063	Historia
Q18817	Historia
Q188468	Historia
Q188494	Historia
Q188712	Historia
Q1890411	Historia
Q189072	Historia
Q189266	Historia
Q189508	Historia
Q19024	Historia
Q191324	Historia
Q191624	Historia
Q192050	Historia
Q192630	Historia
Q192841	Historia
Q193168	Historia
Q193235	Historia
Q193254	Historia
Q193270	Historia
Q193547	Historia
Q194029	Historia
Q196502	Historia
Q19828	Historia
Q1988505	Historia
Q19885988	Historia
Q19960681	Historia
Q199820	Historia
Q199955	Historia
Q200464	Historia
Q200565	Historia
Q200790	Historia
Q201038	Historia
Q201559	Historia
Q201620	Historia
Q201684	Historia
Q202558	Historia
Q2037576	Historia
Q203824	Historia
Q2073517	Historia
Q207449	Historia
Q208701	Historia
Q208742	Historia
Q210189	Historia
Q2110225	Historia
Q2116320	Historia
Q211674	Historia
Q212079	Historia
Q214100	Historia
Q217196	Historia
Q217200	Historia
Q217981	Historia
Q218678	Historia
Q219447	Historia
Q219817	Historia
Q219934	Historia
Q220596	Historia
Q220984	Historia
Q223723	Historia
Q223767	Historia
Q2253464	Historia
Q2260521	Historia
Q22633	Historia
Q2269	Historia
Q2272119	Historia
Q2277	Historia
Q228284	Historia
Q2289594	Historia
Q2301091	Historia
Q230533	Historia
Q23387	Historia
Q2342867	Historia
Q2353775	Historia
Q23540	Historia
Q23559	Historia
Q2364239	Historia
Q237131	Historia
Q241059	Historia
Q2413988	Historia
Q2422375	Historia
Q242352	Historia
Q242644	Historia
Q243721	Historia
Q24384	Historia
Q248137	Historia
Q2487	Historia
Q24933000	Historia
Q251355	Historia
Q2517983	Historia
Q25235	Historia
Q253684	Historia
Q25445	Historia
Q2553591	Historia
Q25546	Historia
Q2577303	Historia
Q257758	Historia
Q2602944	Historia
Q2604547	Historia
Q2604642	Historia
Q2608489	Historia
Q26702	Historia
Q267304	Historia
Q2708273	Historia
Q2717398	Historia
Q273120	Historia
Q273182	Historia
Q273348	Historia
Q275051	Historia
Q275918	Historia
Q2763	Historia
Q27645	Historia
Q277560	Historia
Q283102	Historia
Q283364	Historia
Q2838118	Historia
Q2838189	Historia
Q2853205	Historia
Q28567	Historia
Q28573	Historia
Q28653	Historia
Q289285	Historia
Q290720	Historia
Q2946	Historia
Q2949884	Historia
Q2949890	Historia
Q297190	Historia
Q2989771	Historia
Q3007315	Historia
Q3028597	Historia
Q30404748	Historia
Q3044	Historia
Q304546	Historia
Q30487	Historia
Q305176	Historia
Q30888465	Historia
Q30890756	Historia
Q3118964	Historia
Q3119190	Historia
Q3136905	Historia
Q3151690	Historia
Q3185305	Historia
Q31929	Historia
Q319891	Historia
Q3200440	Historia
Q321219	Historia
Q32500	Historia
Q325656	Historia
Q3258694	Historia
Q329838	Historia
Q32993	Historia
Q332626	Historia
Q3330103	Historia
Q3338723	Historia
Q3365552	Historia
Q33745	Historia
Q337547	Historia
Q3392	Historia
Q3417663	Historia
Q344	Historia
Q34417	Historia
Q34503	Historia
Q34777	Historia
Q35032	Historia
Q352	Historia
Q35314	Historia
Q35355	Historia
Q355472	Historia
Q3557053	Historia
Q356711	Historia
Q3588	Historia
Q35966	Historia
Q361	Historia
Q362	Historia
Q3624106	Historia
Q3624124	Historia
Q3624153	Historia
Q3627284	Historia
Q36288	Historia
Q3630915	Historia
Q3639759	Historia
Q36422	Historia
Q3649503	Historia
Q3658348	Historia
Q3664678	Historia
Q3664681	Historia
Q3667928	Historia
Q36756	Historia
Q3677192	Historia
Q3699	Historia
Q3708094	Historia
Q3718728	Historia
Q3733063	Historia
Q3734048	Historia
Q3734051	Historia
Q3734806	Historia
Q3749017	Historia
Q3752897	Historia
Q376	Historia
Q3773812	Historia
Q37739	Historia
Q3773955	Historia
Q3778681	Historia
Q3800893	Historia
Q3814255	Historia
Q382861	Historia
Q3829715	Historia
Q38370	Historia
Q385239	Historia
Q3853760	Historia
Q3859450	Historia
Q3885695	Historia
Q3885696	Historia
Q3896851	Historia
Q3907449	Historia
Q391511	Historia
Q3921569	Historia
Q3922436	Historia
Q3930234	Historia
Q3931574	Historia
Q3931588	Historia
Q3935349	Historia
Q3938047	Historia
Q3938059	Historia
Q3961444	Historia
Q3975713	Historia
Q3975763	Historia
Q3978557	Historia
Q3998572	Historia
Q401	Historia
Q40171	Historia
Q4029560	Historia
Q40949	Historia
Q41137	Historia
Q4115173	Historia
Q41304	Historia
Q41866	Historia
Q42005	Historia
Q42534	Historia
Q425698	Historia
Q426853	Historia
Q428	Historia
Q42827	Historia
Q42834	Historia
Q42976	Historia
Q430	Historia
Q430726	Historia
Q432	Historia
Q43287	Historia
Q4348882	Historia
Q43922	Historia
Q44197	Historia
Q44311	Historia
Q44613	Historia
Q447131	Historia
Q44777	Historia
Q45315	Historia
Q455037	Historia
Q45670	Historia
Q456993	Historia
Q45745	Historia
Q45813	Historia
Q461886	Historia
Q46362	Historia
Q465627	Historia
Q466887	Historia
Q466969	Historia
Q468804	Historia
Q468823	Historia
Q4692	Historia
Q470596	Historia
Q47232	Historia
Q473716	Historia
Q474717	Historia
Q4763720	Historia
Q47690	Historia
Q4774913	Historia
Q477973	Historia
Q479844	Historia
Q48244	Historia
Q48314	Historia
Q4850939	Historia
Q486831	Historia
Q488	Historia
Q48800454	Historia
Q4948	Historia
Q5043	Historia
Q5086	Historia
Q50868	Historia
Q5107861	Historia
Q51122	Historia
Q514423	Historia
Q51648	Historia
Q51649	Historia
Q5167679	Historia
Q517	Historia
Q52090	Historia
Q521868	Historia
Q52418	Historia
Q524447	Historia
Q52847	Historia
Q5292	Historia
Q5369651	Historia
Q5402094	Historia
Q540912	Historia
Q540978	Historia
Q5409928	Historia
Q541880	Historia
Q5442839	Historia
Q545449	Historia
Q547858	Historia
Q55811	Historia
Q558929	Historia
Q5684	Historia
Q5690	Historia
Q573	Historia
Q575	Historia
Q577	Historia
Q5775114	Historia
Q581767	Historia
Q582706	Historia
Q58296	Historia
Q583038	Historia
Q587309	Historia
Q596373	Historia
Q59816	Historia
Q5983857	Historia
Q598854	Historia
Q600093	Historia
Q60022	Historia
Q601211	Historia
Q608613	Historia
Q6101	Historia
Q6186	Historia
Q6206	Historia
Q622099	Historia
Q6223	Historia
Q622649	Historia
Q622774	Historia
Q6229	Historia
Q623164	Historia
Q623476	Historia
Q6235	Historia
Q625356	Historia
Q62825	Historia
Q636771	Historia
Q642379	Historia
Q643488	Historia
Q6534	Historia
Q6540361	Historia
Q6581615	Historia
Q659991	Historia
Q668645	Historia
Q670484	Historia
Q673175	Historia
Q677173	Historia
Q677316	Historia
Q690959	Historia
Q692	Historia
Q693411	Historia
Q694740	Historia
Q695497	Historia
Q698178	Historia
Q6987428	Historia
Q699511	Historia
Q700924	Historia
Q706633	Historia
Q708321	Historia
Q71084	Historia
Q714196	Historia
Q715380	Historia
Q7167	Historia
Q718909	Historia
Q7207	Historia
Q724922	Historia
Q7252	Historia
Q7260	Historia
Q726805	Historia
Q7310	Historia
Q7317	Historia
Q7318	Historia
Q7322	Historia
Q7325	Historia
Q7326	Historia
Q7328	Historia
Q737533	Historia
Q737907	Historia
Q74011	Historia
Q740522	Historia
Q745799	Historia
Q747081	Historia
Q748780	Historia
Q75813	Historia
Q759835	Historia
Q76026	Historia
Q767253	Historia
Q7722	Historia
Q7725	Historia
Q7727	Historia
Q7742	Historia
Q786171	Historia
Q78994	Historia
Q79789	Historia
Q79791	Historia
Q79854	Historia
Q79911	Historia
Q80034	Historia
Q80398	Historia
Q80702	Historia
Q8137	Historia
Q824165	Historia
Q82674	Historia
Q82708	Historia
Q828047	Historia
Q828435	Historia
Q82972	Historia
Q830626	Historia
Q83229	Historia
Q83405	Historia
Q83418	Historia
Q835649	Historia
Q839452	Historia
Q83958	Historia
Q839954	Historia
Q8409	Historia
Q8413	Historia
Q844586	Historia
Q844930	Historia
Q845114	Historia
Q8463	Historia
Q846933	Historia
Q849378	Historia
Q849680	Historia
Q854415	Historia
Q855	Historia
Q855270	Historia
Q856544	Historia
Q8575586	Historia
Q8641370	Historia
Q8669	Historia
Q8676	Historia
Q8683	Historia
Q8698	Historia
Q8729	Historia
Q8736	Historia
Q8740	Historia
Q8768	Historia
Q877619	Historia
Q8958	Historia
Q89640	Historia
Q899359	Historia
Q9041	Historia
Q9061	Historia
Q9068	Historia
Q914425	Historia
Q915425	Historia
Q920894	Historia
Q921474	Historia
Q926295	Historia
Q927629	Historia
Q93304	Historia
Q943326	Historia
Q9458	Historia
Q94916	Historia
Q954078	Historia
Q9554	Historia
Q965842	Historia
Q9696	Historia
Q971176	Historia
Q97371599	Historia
Q975837	Historia
Q989	Historia
Q10288	Arte
Q104884	Arte
Q105290	Arte
Q1054254	Arte
Q1072751	Arte
Q1133779	Arte
Q1136305	Arte
Q1143556	Arte
Q1150997	Arte
Q120993	Arte
Q12151382	Arte
Q1226528	Arte
Q123150	Arte
Q124354	Arte
Q1261544	Arte
Q1269827	Arte
Q128115	Arte
Q130531	Arte
Q131013	Arte
Q131221	Arte
Q1333433	Arte
Q133732	Arte
Q1362251	Arte
Q1404472	Arte
Q1411112	Arte
Q1413460	Arte
Q151047	Arte
Q151803	Arte
Q152509	Arte
Q153793	Arte
Q154340	Arte
Q15790	Arte
Q15792	Arte
Q159297	Arte
Q159758	Arte
Q160149	Arte
Q160538	Arte
Q1656724	Arte
Q16656295	Arte
Q17169	Arte
Q173527	Arte
Q174330	Arte
Q1747618	Arte
Q175036	Arte
Q17514	Arte
Q176483	Arte
Q177302	Arte
Q177692	Arte
Q1796098	Arte
Q180927	Arte
Q182046	Arte
Q182664	Arte
Q1842924	Arte
Q186018	Arte
Q186202	Arte
Q186748	Arte
Q190116	Arte
Q192222	Arte
Q192488	Arte
Q193422	Arte
Q1937490	Arte
Q200034	Arte
Q20010053	Arte
Q2030685	Arte
Q205259	Arte
Q206285	Arte
Q207929	Arte
Q208208	Arte
Q208758	Arte
Q2121876	Arte
Q212616	Arte
Q2164653	Arte
Q217175	Arte
Q2185042	Arte
Q220859	Arte
Q221043	Arte
Q223725	Arte
Q223750	Arte
Q2245347	Arte
Q2245489	Arte
Q2294393	Arte
Q23380	Arte
Q2352880	Arte
Q2357153	Arte
Q243240	Arte
Q2487023	Arte
Q2494008	Arte
Q25328	Arte
Q2535546	Arte
Q26082	Arte
Q267596	Arte
Q2694178	Arte
Q27273707	Arte
Q272777	Arte
Q2760651	Arte
Q2864673	Arte
Q2884586	Arte
Q296	Arte
Q297	Arte
Q3010313	Arte
Q30755	Arte
Q309579	Arte
Q312392	Arte
Q312617	Arte
Q318394	Arte
Q321245	Arte
Q33477	Arte
Q3354732	Arte
Q3374400	Arte
Q34618	Arte
Q34636	Arte
Q35548	Arte
Q3621595	Arte
Q3621603	Arte
Q3624131	Arte
Q3624151	Arte
Q3624154	Arte
Q3624161	Arte
Q3699556	Arte
Q37068	Arte
Q37562	Arte
Q37571	Arte
Q37693	Arte
Q3873325	Arte
Q39427	Arte
Q39931	Arte
Q4006386	Arte
Q40415	Arte
Q40599	Arte
Q41931	Arte
Q4198718	Arte
Q42195	Arte
Q42207	Arte
Q428995	Arte
Q42934	Arte
Q429811	Arte
Q43332	Arte
Q44007	Arte
Q440928	Arte
Q447058	Arte
Q46261	Arte
Q46373	Arte
Q466588	Arte
Q46805	Arte
Q46825	Arte
Q4724	Arte
Q47551	Arte
Q51189	Arte
Q517408	Arte
Q54111	Arte
Q5432	Arte
Q546297	Arte
Q5547	Arte
Q55474570	Arte
Q5580	Arte
Q5582	Arte
Q5589	Arte
Q5592	Arte
Q5593	Arte
Q5594	Arte
Q5597	Arte
Q5599	Arte
Q5604	Arte
Q5681	Arte
Q574985	Arte
Q5811	Arte
Q5822	Arte
Q5912	Arte
Q6034	Arte
Q61064	Arte
Q61071	Arte
Q614082	Arte
Q62506	Arte
Q693288	Arte
Q738680	Arte
Q753683	Arte
Q762	Arte
Q7751	Arte
Q7814	Arte
Q794077	Arte
Q80113	Arte
Q808561	Arte
Q830331	Arte
Q83155	Arte
Q83425	Arte
Q835309	Arte
Q844675	Arte
Q8459	Arte
Q847797	Arte
Q855747	Arte
Q900557	Arte
Q918230	Arte
Q921657	Arte
Q9319	Arte
Q93284	Arte
Q933661	Arte
Q937330	Arte
Q9440	Arte
Q947129	Arte
Q9631101	Arte
Q99309	Arte
Q11019	Tecnología
Q11469	Tecnología
Q11472	Tecnología
Q11474	Tecnología
Q12203	Tecnología
Q128093	Tecnología
Q1370714	Tecnología
Q159719	Tecnología
Q190107	Tecnología
Q2041172	Tecnología
Q204554	Tecnología
Q214609	Tecnología
Q242069	Tecnología
Q287	Tecnología
Q335234	Tecnología
Q34508	Tecnología
Q383973	Tecnología
Q39546	Tecnología
Q4011409	Tecnología
Q5157342	Tecnología
Q62927	Tecnología
Q6256	Ciudadanía
Q2334391	Ciencias
Q356954	Ciudadanía
Q115161681	Informática
Q41642	Historia
Q568301	Derecho y economía
Q56319057	Literatura
Q22341188	Gramática
Q4182287	Ciencias de la computación
Q2738835	Geografía
Q116392186	Matemática
Q3251801	Ciencias de la computación
Q1020994	Ciudadanía
Q647114	Filosofía
Q55643	Geografía
Q976981	Matemática
Q1153931	Ciudadanía
Q70235	Gramática
Q166564	Ciencias
Q10617810	Gramática
Q973326	Ciudadanía
Q158579	Ciencias
Q845725	Ciencias
Q2981644	Ciencias
